Región,Lista/Candidato,Partido,Votos,Porcentaje
DE ARICA Y PARINACOTA,UNIDAD POR CHILE,,0,"0,00%"
DE ARICA Y PARINACOTA,1 GONZALO WINTER ETCHEBERRY,FA,0,"0,00%"
DE ARICA Y PARINACOTA,2 JEANNETTE JARA ROMAN,PCCH,0,"0,00%"
DE ARICA Y PARINACOTA,3 CAROLINA TOHA MORALES,PPD,0,"0,00%"
DE ARICA Y PARINACOTA,4 JAIME MULET MARTINEZ,FREVS,0,"0,00%"
DE ARICA Y PARINACOTA,Válidamente Emitidos,,0,"0,00%"
DE ARICA Y PARINACOTA,Votos Nulos,,0,"0,00%"
DE ARICA Y PARINACOTA,Votos en Blanco,,0,"0,00%"
DE ARICA Y PARINACOTA,Total Votación,,0,"0,00%"
DE TARAPACA,UNIDAD POR CHILE,,0,"0,00%"
DE TARAPACA,1 GONZALO WINTER ETCHEBERRY,FA,0,"0,00%"
DE TARAPACA,2 JEANNETTE JARA ROMAN,PCCH,0,"0,00%"
DE TARAPACA,3 CAROLINA TOHA MORALES,PPD,0,"0,00%"
DE TARAPACA,4 JAIME MULET MARTINEZ,FREVS,0,"0,00%"
DE TARAPACA,Válidamente Emitidos,,0,"0,00%"
DE TARAPACA,Votos Nulos,,0,"0,00%"
DE TARAPACA,Votos en Blanco,,0,"0,00%"
DE TARAPACA,Total Votación,,0,"0,00%"
DE ANTOFAGASTA,UNIDAD POR CHILE,,0,"0,00%"
DE ANTOFAGASTA,1 GONZALO WINTER ETCHEBERRY,FA,0,"0,00%"
DE ANTOFAGASTA,2 JEANNETTE JARA ROMAN,PCCH,0,"0,00%"
DE ANTOFAGASTA,3 CAROLINA TOHA MORALES,PPD,0,"0,00%"
DE ANTOFAGASTA,4 JAIME MULET MARTINEZ,FREVS,0,"0,00%"
DE ANTOFAGASTA,Válidamente Emitidos,,0,"0,00%"
DE ANTOFAGASTA,Votos Nulos,,0,"0,00%"
DE ANTOFAGASTA,Votos en Blanco,,0,"0,00%"
DE ANTOFAGASTA,Total Votación,,0,"0,00%"
DE ATACAMA,UNIDAD POR CHILE,,0,"0,00%"
DE ATACAMA,1 GONZALO WINTER ETCHEBERRY,FA,0,"0,00%"
DE ATACAMA,2 JEANNETTE JARA ROMAN,PCCH,0,"0,00%"
DE ATACAMA,3 CAROLINA TOHA MORALES,PPD,0,"0,00%"
DE ATACAMA,4 JAIME MULET MARTINEZ,FREVS,0,"0,00%"
DE ATACAMA,Válidamente Emitidos,,0,"0,00%"
DE ATACAMA,Votos Nulos,,0,"0,00%"
DE ATACAMA,Votos en Blanco,,0,"0,00%"
DE ATACAMA,Total Votación,,0,"0,00%"
DE COQUIMBO,UNIDAD POR CHILE,,0,"0,00%"
DE COQUIMBO,1 GONZALO WINTER ETCHEBERRY,FA,0,"0,00%"
DE COQUIMBO,2 JEANNETTE JARA ROMAN,PCCH,0,"0,00%"
DE COQUIMBO,3 CAROLINA TOHA MORALES,PPD,0,"0,00%"
DE COQUIMBO,4 JAIME MULET MARTINEZ,FREVS,0,"0,00%"
DE COQUIMBO,Válidamente Emitidos,,0,"0,00%"
DE COQUIMBO,Votos Nulos,,0,"0,00%"
DE COQUIMBO,Votos en Blanco,,0,"0,00%"
DE COQUIMBO,Total Votación,,0,"0,00%"
DE VALPARAISO,UNIDAD POR CHILE,,0,"0,00%"
DE VALPARAISO,1 GONZALO WINTER ETCHEBERRY,FA,0,"0,00%"
DE VALPARAISO,2 JEANNETTE JARA ROMAN,PCCH,0,"0,00%"
DE VALPARAISO,3 CAROLINA TOHA MORALES,PPD,0,"0,00%"
DE VALPARAISO,4 JAIME MULET MARTINEZ,FREVS,0,"0,00%"
DE VALPARAISO,Válidamente Emitidos,,0,"0,00%"
DE VALPARAISO,Votos Nulos,,0,"0,00%"
DE VALPARAISO,Votos en Blanco,,0,"0,00%"
DE VALPARAISO,Total Votación,,0,"0,00%"
METROPOLITANA DE SANTIAGO,UNIDAD POR CHILE,,0,"0,00%"
METROPOLITANA DE SANTIAGO,1 GONZALO WINTER ETCHEBERRY,FA,0,"0,00%"
METROPOLITANA DE SANTIAGO,2 JEANNETTE JARA ROMAN,PCCH,0,"0,00%"
METROPOLITANA DE SANTIAGO,3 CAROLINA TOHA MORALES,PPD,0,"0,00%"
METROPOLITANA DE SANTIAGO,4 JAIME MULET MARTINEZ,FREVS,0,"0,00%"
METROPOLITANA DE SANTIAGO,Válidamente Emitidos,,0,"0,00%"
METROPOLITANA DE SANTIAGO,Votos Nulos,,0,"0,00%"
METROPOLITANA DE SANTIAGO,Votos en Blanco,,0,"0,00%"
METROPOLITANA DE SANTIAGO,Total Votación,,0,"0,00%"
DEL LIBERTADOR GENERAL BERNARDO O'HIGGINS,UNIDAD POR CHILE,,0,"0,00%"
DEL LIBERTADOR GENERAL BERNARDO O'HIGGINS,1 GONZALO WINTER ETCHEBERRY,FA,0,"0,00%"
DEL LIBERTADOR GENERAL BERNARDO O'HIGGINS,2 JEANNETTE JARA ROMAN,PCCH,0,"0,00%"
DEL LIBERTADOR GENERAL BERNARDO O'HIGGINS,3 CAROLINA TOHA MORALES,PPD,0,"0,00%"
DEL LIBERTADOR GENERAL BERNARDO O'HIGGINS,4 JAIME MULET MARTINEZ,FREVS,0,"0,00%"
DEL LIBERTADOR GENERAL BERNARDO O'HIGGINS,Válidamente Emitidos,,0,"0,00%"
DEL LIBERTADOR GENERAL BERNARDO O'HIGGINS,Votos Nulos,,0,"0,00%"
DEL LIBERTADOR GENERAL BERNARDO O'HIGGINS,Votos en Blanco,,0,"0,00%"
DEL LIBERTADOR GENERAL BERNARDO O'HIGGINS,Total Votación,,0,"0,00%"
DEL MAULE,UNIDAD POR CHILE,,0,"0,00%"
DEL MAULE,1 GONZALO WINTER ETCHEBERRY,FA,0,"0,00%"
DEL MAULE,2 JEANNETTE JARA ROMAN,PCCH,0,"0,00%"
DEL MAULE,3 CAROLINA TOHA MORALES,PPD,0,"0,00%"
DEL MAULE,4 JAIME MULET MARTINEZ,FREVS,0,"0,00%"
DEL MAULE,Válidamente Emitidos,,0,"0,00%"
DEL MAULE,Votos Nulos,,0,"0,00%"
DEL MAULE,Votos en Blanco,,0,"0,00%"
DEL MAULE,Total Votación,,0,"0,00%"
DE ÑUBLE,UNIDAD POR CHILE,,0,"0,00%"
DE ÑUBLE,1 GONZALO WINTER ETCHEBERRY,FA,0,"0,00%"
DE ÑUBLE,2 JEANNETTE JARA ROMAN,PCCH,0,"0,00%"
DE ÑUBLE,3 CAROLINA TOHA MORALES,PPD,0,"0,00%"
DE ÑUBLE,4 JAIME MULET MARTINEZ,FREVS,0,"0,00%"
DE ÑUBLE,Válidamente Emitidos,,0,"0,00%"
DE ÑUBLE,Votos Nulos,,0,"0,00%"
DE ÑUBLE,Votos en Blanco,,0,"0,00%"
DE ÑUBLE,Total Votación,,0,"0,00%"
DEL BIOBIO,UNIDAD POR CHILE,,0,"0,00%"
DEL BIOBIO,1 GONZALO WINTER ETCHEBERRY,FA,0,"0,00%"
DEL BIOBIO,2 JEANNETTE JARA ROMAN,PCCH,0,"0,00%"
DEL BIOBIO,3 CAROLINA TOHA MORALES,PPD,0,"0,00%"
DEL BIOBIO,4 JAIME MULET MARTINEZ,FREVS,0,"0,00%"
DEL BIOBIO,Válidamente Emitidos,,0,"0,00%"
DEL BIOBIO,Votos Nulos,,0,"0,00%"
DEL BIOBIO,Votos en Blanco,,0,"0,00%"
DEL BIOBIO,Total Votación,,0,"0,00%"
DE LA ARAUCANIA,UNIDAD POR CHILE,,0,"0,00%"
DE LA ARAUCANIA,1 GONZALO WINTER ETCHEBERRY,FA,0,"0,00%"
DE LA ARAUCANIA,2 JEANNETTE JARA ROMAN,PCCH,0,"0,00%"
DE LA ARAUCANIA,3 CAROLINA TOHA MORALES,PPD,0,"0,00%"
DE LA ARAUCANIA,4 JAIME MULET MARTINEZ,FREVS,0,"0,00%"
DE LA ARAUCANIA,Válidamente Emitidos,,0,"0,00%"
DE LA ARAUCANIA,Votos Nulos,,0,"0,00%"
DE LA ARAUCANIA,Votos en Blanco,,0,"0,00%"
DE LA ARAUCANIA,Total Votación,,0,"0,00%"
DE LOS RIOS,UNIDAD POR CHILE,,0,"0,00%"
DE LOS RIOS,1 GONZALO WINTER ETCHEBERRY,FA,0,"0,00%"
DE LOS RIOS,2 JEANNETTE JARA ROMAN,PCCH,0,"0,00%"
DE LOS RIOS,3 CAROLINA TOHA MORALES,PPD,0,"0,00%"
DE LOS RIOS,4 JAIME MULET MARTINEZ,FREVS,0,"0,00%"
DE LOS RIOS,Válidamente Emitidos,,0,"0,00%"
DE LOS RIOS,Votos Nulos,,0,"0,00%"
DE LOS RIOS,Votos en Blanco,,0,"0,00%"
DE LOS RIOS,Total Votación,,0,"0,00%"
DE LOS LAGOS,UNIDAD POR CHILE,,0,"0,00%"
DE LOS LAGOS,1 GONZALO WINTER ETCHEBERRY,FA,0,"0,00%"
DE LOS LAGOS,2 JEANNETTE JARA ROMAN,PCCH,0,"0,00%"
DE LOS LAGOS,3 CAROLINA TOHA MORALES,PPD,0,"0,00%"
DE LOS LAGOS,4 JAIME MULET MARTINEZ,FREVS,0,"0,00%"
DE LOS LAGOS,Válidamente Emitidos,,0,"0,00%"
DE LOS LAGOS,Votos Nulos,,0,"0,00%"
DE LOS LAGOS,Votos en Blanco,,0,"0,00%"
DE LOS LAGOS,Total Votación,,0,"0,00%"
DE AYSEN DEL GENERAL CARLOS IBAÑEZ DEL CAMPO,UNIDAD POR CHILE,,0,"0,00%"
DE AYSEN DEL GENERAL CARLOS IBAÑEZ DEL CAMPO,1 GONZALO WINTER ETCHEBERRY,FA,0,"0,00%"
DE AYSEN DEL GENERAL CARLOS IBAÑEZ DEL CAMPO,2 JEANNETTE JARA ROMAN,PCCH,0,"0,00%"
DE AYSEN DEL GENERAL CARLOS IBAÑEZ DEL CAMPO,3 CAROLINA TOHA MORALES,PPD,0,"0,00%"
DE AYSEN DEL GENERAL CARLOS IBAÑEZ DEL CAMPO,4 JAIME MULET MARTINEZ,FREVS,0,"0,00%"
DE AYSEN DEL GENERAL CARLOS IBAÑEZ DEL CAMPO,Válidamente Emitidos,,0,"0,00%"
DE AYSEN DEL GENERAL CARLOS IBAÑEZ DEL CAMPO,Votos Nulos,,0,"0,00%"
DE AYSEN DEL GENERAL CARLOS IBAÑEZ DEL CAMPO,Votos en Blanco,,0,"0,00%"
DE AYSEN DEL GENERAL CARLOS IBAÑEZ DEL CAMPO,Total Votación,,0,"0,00%"
DE MAGALLANES Y DE LA ANTARTICA CHILENA,UNIDAD POR CHILE,,0,"0,00%"
DE MAGALLANES Y DE LA ANTARTICA CHILENA,1 GONZALO WINTER ETCHEBERRY,FA,0,"0,00%"
DE MAGALLANES Y DE LA ANTARTICA CHILENA,2 JEANNETTE JARA ROMAN,PCCH,0,"0,00%"
DE MAGALLANES Y DE LA ANTARTICA CHILENA,3 CAROLINA TOHA MORALES,PPD,0,"0,00%"
DE MAGALLANES Y DE LA ANTARTICA CHILENA,4 JAIME MULET MARTINEZ,FREVS,0,"0,00%"
DE MAGALLANES Y DE LA ANTARTICA CHILENA,Válidamente Emitidos,,0,"0,00%"
DE MAGALLANES Y DE LA ANTARTICA CHILENA,Votos Nulos,,0,"0,00%"
DE MAGALLANES Y DE LA ANTARTICA CHILENA,Votos en Blanco,,0,"0,00%"
DE MAGALLANES Y DE LA ANTARTICA CHILENA,Total Votación,,0,"0,00%"
