Región,Lista/Candidato,Partido,Votos,Porcentaje,Fecha Datos
DE ARICA Y PARINACOTA,UNIDAD POR CHILE,,13540,"100,00%",29-06-2025 22:00
DE ARICA Y PARINACOTA,1 GONZALO WINTER ETCHEBERRY,FA,1217,"8,99%",29-06-2025 22:00
DE ARICA Y PARINACOTA,2 JEANNETTE JARA ROMAN,PCCH,7855,"58,01%",29-06-2025 22:00
DE ARICA Y PARINACOTA,3 CAROLINA TOHA MORALES,PPD,3923,"28,97%",29-06-2025 22:00
DE ARICA Y PARINACOTA,4 JAIME MULET MARTINEZ,FREVS,545,"4,03%",29-06-2025 22:00
DE ARICA Y PARINACOTA,Válidamente Emitidos,,13540,"94,32%",29-06-2025 22:00
DE ARICA Y PARINACOTA,Votos Nulos,,607,"4,23%",29-06-2025 22:00
DE ARICA Y PARINACOTA,Votos en Blanco,,209,"1,46%",29-06-2025 22:00
DE ARICA Y PARINACOTA,Total Votación,,14356,"100,00%",29-06-2025 22:00
DE TARAPACA,UNIDAD POR CHILE,,16267,"100,00%",29-06-2025 22:00
DE TARAPACA,1 GONZALO WINTER ETCHEBERRY,FA,1677,"10,31%",29-06-2025 22:00
DE TARAPACA,2 JEANNETTE JARA ROMAN,PCCH,9514,"58,49%",29-06-2025 22:00
DE TARAPACA,3 CAROLINA TOHA MORALES,PPD,4349,"26,74%",29-06-2025 22:00
DE TARAPACA,4 JAIME MULET MARTINEZ,FREVS,727,"4,47%",29-06-2025 22:00
DE TARAPACA,Válidamente Emitidos,,16267,"94,31%",29-06-2025 22:00
DE TARAPACA,Votos Nulos,,705,"4,09%",29-06-2025 22:00
DE TARAPACA,Votos en Blanco,,276,"1,60%",29-06-2025 22:00
DE TARAPACA,Total Votación,,17248,"100,00%",29-06-2025 22:00
DE ANTOFAGASTA,UNIDAD POR CHILE,,34382,"100,00%",29-06-2025 22:00
DE ANTOFAGASTA,1 GONZALO WINTER ETCHEBERRY,FA,3367,"9,79%",29-06-2025 22:00
DE ANTOFAGASTA,2 JEANNETTE JARA ROMAN,PCCH,19893,"57,86%",29-06-2025 22:00
DE ANTOFAGASTA,3 CAROLINA TOHA MORALES,PPD,9300,"27,05%",29-06-2025 22:00
DE ANTOFAGASTA,4 JAIME MULET MARTINEZ,FREVS,1822,"5,30%",29-06-2025 22:00
DE ANTOFAGASTA,Válidamente Emitidos,,34382,"93,33%",29-06-2025 22:00
DE ANTOFAGASTA,Votos Nulos,,1806,"4,90%",29-06-2025 22:00
DE ANTOFAGASTA,Votos en Blanco,,650,"1,76%",29-06-2025 22:00
DE ANTOFAGASTA,Total Votación,,36838,"100,00%",29-06-2025 22:00
DE ATACAMA,UNIDAD POR CHILE,,18733,"100,00%",29-06-2025 22:00
DE ATACAMA,1 GONZALO WINTER ETCHEBERRY,FA,1257,"6,71%",29-06-2025 22:00
DE ATACAMA,2 JEANNETTE JARA ROMAN,PCCH,10805,"57,68%",29-06-2025 22:00
DE ATACAMA,3 CAROLINA TOHA MORALES,PPD,4255,"22,71%",29-06-2025 22:00
DE ATACAMA,4 JAIME MULET MARTINEZ,FREVS,2416,"12,90%",29-06-2025 22:00
DE ATACAMA,Válidamente Emitidos,,18733,"96,55%",29-06-2025 22:00
DE ATACAMA,Votos Nulos,,476,"2,45%",29-06-2025 22:00
DE ATACAMA,Votos en Blanco,,193,"0,99%",29-06-2025 22:00
DE ATACAMA,Total Votación,,19402,"100,00%",29-06-2025 22:00
DE COQUIMBO,UNIDAD POR CHILE,,45645,"100,00%",29-06-2025 22:00
DE COQUIMBO,1 GONZALO WINTER ETCHEBERRY,FA,3592,"7,87%",29-06-2025 22:00
DE COQUIMBO,2 JEANNETTE JARA ROMAN,PCCH,28591,"62,64%",29-06-2025 22:00
DE COQUIMBO,3 CAROLINA TOHA MORALES,PPD,12146,"26,61%",29-06-2025 22:00
DE COQUIMBO,4 JAIME MULET MARTINEZ,FREVS,1316,"2,88%",29-06-2025 22:00
DE COQUIMBO,Válidamente Emitidos,,45645,"96,57%",29-06-2025 22:00
DE COQUIMBO,Votos Nulos,,1157,"2,45%",29-06-2025 22:00
DE COQUIMBO,Votos en Blanco,,462,"0,98%",29-06-2025 22:00
DE COQUIMBO,Total Votación,,47264,"100,00%",29-06-2025 22:00
DE VALPARAISO,UNIDAD POR CHILE,,150272,"100,00%",29-06-2025 22:00
DE VALPARAISO,1 GONZALO WINTER ETCHEBERRY,FA,13735,"9,14%",29-06-2025 22:00
DE VALPARAISO,2 JEANNETTE JARA ROMAN,PCCH,91805,"61,09%",29-06-2025 22:00
DE VALPARAISO,3 CAROLINA TOHA MORALES,PPD,41056,"27,32%",29-06-2025 22:00
DE VALPARAISO,4 JAIME MULET MARTINEZ,FREVS,3676,"2,45%",29-06-2025 22:00
DE VALPARAISO,Válidamente Emitidos,,150272,"97,27%",29-06-2025 22:00
DE VALPARAISO,Votos Nulos,,3109,"2,01%",29-06-2025 22:00
DE VALPARAISO,Votos en Blanco,,1110,"0,72%",29-06-2025 22:00
DE VALPARAISO,Total Votación,,154491,"100,00%",29-06-2025 22:00
METROPOLITANA DE SANTIAGO,UNIDAD POR CHILE,,707597,"100,00%",29-06-2025 22:00
METROPOLITANA DE SANTIAGO,1 GONZALO WINTER ETCHEBERRY,FA,65340,"9,23%",29-06-2025 22:00
METROPOLITANA DE SANTIAGO,2 JEANNETTE JARA ROMAN,PCCH,427069,"60,35%",29-06-2025 22:00
METROPOLITANA DE SANTIAGO,3 CAROLINA TOHA MORALES,PPD,198522,"28,06%",29-06-2025 22:00
METROPOLITANA DE SANTIAGO,4 JAIME MULET MARTINEZ,FREVS,16666,"2,36%",29-06-2025 22:00
METROPOLITANA DE SANTIAGO,Válidamente Emitidos,,707597,"97,34%",29-06-2025 22:00
METROPOLITANA DE SANTIAGO,Votos Nulos,,14097,"1,94%",29-06-2025 22:00
METROPOLITANA DE SANTIAGO,Votos en Blanco,,5270,"0,72%",29-06-2025 22:00
METROPOLITANA DE SANTIAGO,Total Votación,,726964,"100,00%",29-06-2025 22:00
DEL LIBERTADOR GENERAL BERNARDO O'HIGGINS,UNIDAD POR CHILE,,57397,"100,00%",29-06-2025 22:00
DEL LIBERTADOR GENERAL BERNARDO O'HIGGINS,1 GONZALO WINTER ETCHEBERRY,FA,4983,"8,68%",29-06-2025 22:00
DEL LIBERTADOR GENERAL BERNARDO O'HIGGINS,2 JEANNETTE JARA ROMAN,PCCH,35721,"62,23%",29-06-2025 22:00
DEL LIBERTADOR GENERAL BERNARDO O'HIGGINS,3 CAROLINA TOHA MORALES,PPD,15145,"26,39%",29-06-2025 22:00
DEL LIBERTADOR GENERAL BERNARDO O'HIGGINS,4 JAIME MULET MARTINEZ,FREVS,1548,"2,70%",29-06-2025 22:00
DEL LIBERTADOR GENERAL BERNARDO O'HIGGINS,Válidamente Emitidos,,57397,"96,63%",29-06-2025 22:00
DEL LIBERTADOR GENERAL BERNARDO O'HIGGINS,Votos Nulos,,1502,"2,53%",29-06-2025 22:00
DEL LIBERTADOR GENERAL BERNARDO O'HIGGINS,Votos en Blanco,,499,"0,84%",29-06-2025 22:00
DEL LIBERTADOR GENERAL BERNARDO O'HIGGINS,Total Votación,,59398,"100,00%",29-06-2025 22:00
DEL MAULE,UNIDAD POR CHILE,,57908,"100,00%",29-06-2025 22:00
DEL MAULE,1 GONZALO WINTER ETCHEBERRY,FA,4943,"8,54%",29-06-2025 22:00
DEL MAULE,2 JEANNETTE JARA ROMAN,PCCH,34451,"59,49%",29-06-2025 22:00
DEL MAULE,3 CAROLINA TOHA MORALES,PPD,16922,"29,22%",29-06-2025 22:00
DEL MAULE,4 JAIME MULET MARTINEZ,FREVS,1592,"2,75%",29-06-2025 22:00
DEL MAULE,Válidamente Emitidos,,57908,"95,47%",29-06-2025 22:00
DEL MAULE,Votos Nulos,,2001,"3,30%",29-06-2025 22:00
DEL MAULE,Votos en Blanco,,748,"1,23%",29-06-2025 22:00
DEL MAULE,Total Votación,,60657,"100,00%",29-06-2025 22:00
DE ÑUBLE,UNIDAD POR CHILE,,25707,"100,00%",29-06-2025 22:00
DE ÑUBLE,1 GONZALO WINTER ETCHEBERRY,FA,1972,"7,67%",29-06-2025 22:00
DE ÑUBLE,2 JEANNETTE JARA ROMAN,PCCH,14813,"57,62%",29-06-2025 22:00
DE ÑUBLE,3 CAROLINA TOHA MORALES,PPD,8266,"32,15%",29-06-2025 22:00
DE ÑUBLE,4 JAIME MULET MARTINEZ,FREVS,656,"2,55%",29-06-2025 22:00
DE ÑUBLE,Válidamente Emitidos,,25707,"94,18%",29-06-2025 22:00
DE ÑUBLE,Votos Nulos,,744,"2,73%",29-06-2025 22:00
DE ÑUBLE,Votos en Blanco,,844,"3,09%",29-06-2025 22:00
DE ÑUBLE,Total Votación,,27295,"100,00%",29-06-2025 22:00
DEL BIOBIO,UNIDAD POR CHILE,,96985,"100,00%",29-06-2025 22:00
DEL BIOBIO,1 GONZALO WINTER ETCHEBERRY,FA,7673,"7,91%",29-06-2025 22:00
DEL BIOBIO,2 JEANNETTE JARA ROMAN,PCCH,57969,"59,77%",29-06-2025 22:00
DEL BIOBIO,3 CAROLINA TOHA MORALES,PPD,28645,"29,54%",29-06-2025 22:00
DEL BIOBIO,4 JAIME MULET MARTINEZ,FREVS,2698,"2,78%",29-06-2025 22:00
DEL BIOBIO,Válidamente Emitidos,,96985,"96,01%",29-06-2025 22:00
DEL BIOBIO,Votos Nulos,,2924,"2,89%",29-06-2025 22:00
DEL BIOBIO,Votos en Blanco,,1111,"1,10%",29-06-2025 22:00
DEL BIOBIO,Total Votación,,101020,"100,00%",29-06-2025 22:00
DE LA ARAUCANIA,UNIDAD POR CHILE,,49093,"100,00%",29-06-2025 22:00
DE LA ARAUCANIA,1 GONZALO WINTER ETCHEBERRY,FA,4585,"9,34%",29-06-2025 22:00
DE LA ARAUCANIA,2 JEANNETTE JARA ROMAN,PCCH,28094,"57,23%",29-06-2025 22:00
DE LA ARAUCANIA,3 CAROLINA TOHA MORALES,PPD,14876,"30,30%",29-06-2025 22:00
DE LA ARAUCANIA,4 JAIME MULET MARTINEZ,FREVS,1538,"3,13%",29-06-2025 22:00
DE LA ARAUCANIA,Válidamente Emitidos,,49093,"93,84%",29-06-2025 22:00
DE LA ARAUCANIA,Votos Nulos,,1894,"3,62%",29-06-2025 22:00
DE LA ARAUCANIA,Votos en Blanco,,1327,"2,54%",29-06-2025 22:00
DE LA ARAUCANIA,Total Votación,,52314,"100,00%",29-06-2025 22:00
DE LOS RIOS,UNIDAD POR CHILE,,25815,"100,00%",29-06-2025 22:00
DE LOS RIOS,1 GONZALO WINTER ETCHEBERRY,FA,2317,"8,98%",29-06-2025 22:00
DE LOS RIOS,2 JEANNETTE JARA ROMAN,PCCH,15765,"61,07%",29-06-2025 22:00
DE LOS RIOS,3 CAROLINA TOHA MORALES,PPD,7142,"27,67%",29-06-2025 22:00
DE LOS RIOS,4 JAIME MULET MARTINEZ,FREVS,591,"2,29%",29-06-2025 22:00
DE LOS RIOS,Válidamente Emitidos,,25815,"96,78%",29-06-2025 22:00
DE LOS RIOS,Votos Nulos,,596,"2,23%",29-06-2025 22:00
DE LOS RIOS,Votos en Blanco,,264,"0,99%",29-06-2025 22:00
DE LOS RIOS,Total Votación,,26675,"100,00%",29-06-2025 22:00
DE LOS LAGOS,UNIDAD POR CHILE,,46629,"100,00%",29-06-2025 22:00
DE LOS LAGOS,1 GONZALO WINTER ETCHEBERRY,FA,4090,"8,77%",29-06-2025 22:00
DE LOS LAGOS,2 JEANNETTE JARA ROMAN,PCCH,28622,"61,38%",29-06-2025 22:00
DE LOS LAGOS,3 CAROLINA TOHA MORALES,PPD,12652,"27,13%",29-06-2025 22:00
DE LOS LAGOS,4 JAIME MULET MARTINEZ,FREVS,1265,"2,71%",29-06-2025 22:00
DE LOS LAGOS,Válidamente Emitidos,,46629,"95,21%",29-06-2025 22:00
DE LOS LAGOS,Votos Nulos,,1609,"3,29%",29-06-2025 22:00
DE LOS LAGOS,Votos en Blanco,,739,"1,51%",29-06-2025 22:00
DE LOS LAGOS,Total Votación,,48977,"100,00%",29-06-2025 22:00
DE AYSEN DEL GENERAL CARLOS IBAÑEZ DEL CAMPO,UNIDAD POR CHILE,,5438,"100,00%",29-06-2025 22:00
DE AYSEN DEL GENERAL CARLOS IBAÑEZ DEL CAMPO,1 GONZALO WINTER ETCHEBERRY,FA,554,"10,19%",29-06-2025 22:00
DE AYSEN DEL GENERAL CARLOS IBAÑEZ DEL CAMPO,2 JEANNETTE JARA ROMAN,PCCH,3478,"63,96%",29-06-2025 22:00
DE AYSEN DEL GENERAL CARLOS IBAÑEZ DEL CAMPO,3 CAROLINA TOHA MORALES,PPD,1288,"23,69%",29-06-2025 22:00
DE AYSEN DEL GENERAL CARLOS IBAÑEZ DEL CAMPO,4 JAIME MULET MARTINEZ,FREVS,118,"2,17%",29-06-2025 22:00
DE AYSEN DEL GENERAL CARLOS IBAÑEZ DEL CAMPO,Válidamente Emitidos,,5438,"96,64%",29-06-2025 22:00
DE AYSEN DEL GENERAL CARLOS IBAÑEZ DEL CAMPO,Votos Nulos,,124,"2,20%",29-06-2025 22:00
DE AYSEN DEL GENERAL CARLOS IBAÑEZ DEL CAMPO,Votos en Blanco,,65,"1,16%",29-06-2025 22:00
DE AYSEN DEL GENERAL CARLOS IBAÑEZ DEL CAMPO,Total Votación,,5627,"100,00%",29-06-2025 22:00
DE MAGALLANES Y DE LA ANTARTICA CHILENA,UNIDAD POR CHILE,,10279,"100,00%",29-06-2025 22:00
DE MAGALLANES Y DE LA ANTARTICA CHILENA,1 GONZALO WINTER ETCHEBERRY,FA,1043,"10,15%",29-06-2025 22:00
DE MAGALLANES Y DE LA ANTARTICA CHILENA,2 JEANNETTE JARA ROMAN,PCCH,5666,"55,12%",29-06-2025 22:00
DE MAGALLANES Y DE LA ANTARTICA CHILENA,3 CAROLINA TOHA MORALES,PPD,3307,"32,17%",29-06-2025 22:00
DE MAGALLANES Y DE LA ANTARTICA CHILENA,4 JAIME MULET MARTINEZ,FREVS,263,"2,56%",29-06-2025 22:00
DE MAGALLANES Y DE LA ANTARTICA CHILENA,Válidamente Emitidos,,10279,"96,52%",29-06-2025 22:00
DE MAGALLANES Y DE LA ANTARTICA CHILENA,Votos Nulos,,281,"2,64%",29-06-2025 22:00
DE MAGALLANES Y DE LA ANTARTICA CHILENA,Votos en Blanco,,90,"0,85%",29-06-2025 22:00
DE MAGALLANES Y DE LA ANTARTICA CHILENA,Total Votación,,10650,"100,00%",29-06-2025 22:00
EXTRANJERO,UNIDAD POR CHILE,,10759,"100,00%",29-06-2025 22:00
EXTRANJERO,1 GONZALO WINTER ETCHEBERRY,FA,1456,"13,53%",29-06-2025 22:00
EXTRANJERO,2 JEANNETTE JARA ROMAN,PCCH,5581,"51,87%",29-06-2025 22:00
EXTRANJERO,3 CAROLINA TOHA MORALES,PPD,3503,"32,56%",29-06-2025 22:00
EXTRANJERO,4 JAIME MULET MARTINEZ,FREVS,219,"2,04%",29-06-2025 22:00
EXTRANJERO,Válidamente Emitidos,,10759,"97,84%",29-06-2025 22:00
EXTRANJERO,Votos Nulos,,152,"1,38%",29-06-2025 22:00
EXTRANJERO,Votos en Blanco,,86,"0,78%",29-06-2025 22:00
EXTRANJERO,Total Votación,,10997,"100,00%",29-06-2025 22:00
